{
  "Total" : {
    "transaction" : "Total",
    "sampleCount" : 50,
    "errorCount" : 0,
    "errorPct" : 0.0,
    "meanResTime" : 53.8,
    "medianResTime" : 24.0,
    "minResTime" : 8.0,
    "maxResTime" : 244.0,
    "pct1ResTime" : 165.2999999999999,
    "pct2ResTime" : 198.45,
    "pct3ResTime" : 244.0,
    "throughput" : 11.781338360037699,
    "receivedKBytesPerSec" : 28.06121509778511,
    "sentKBytesPerSec" : 2.726735538407163
  },
  "HTTP Request" : {
    "transaction" : "HTTP Request",
    "sampleCount" : 50,
    "errorCount" : 0,
    "errorPct" : 0.0,
    "meanResTime" : 53.8,
    "medianResTime" : 24.0,
    "minResTime" : 8.0,
    "maxResTime" : 244.0,
    "pct1ResTime" : 165.2999999999999,
    "pct2ResTime" : 198.45,
    "pct3ResTime" : 244.0,
    "throughput" : 11.781338360037699,
    "receivedKBytesPerSec" : 28.06121509778511,
    "sentKBytesPerSec" : 2.726735538407163
  }
}