{
  "Request1 - Simple" : {
    "transaction" : "Request1 - Simple",
    "sampleCount" : 50,
    "errorCount" : 0,
    "errorPct" : 0.0,
    "meanResTime" : 74.63999999999997,
    "medianResTime" : 52.5,
    "minResTime" : 14.0,
    "maxResTime" : 277.0,
    "pct1ResTime" : 173.39999999999995,
    "pct2ResTime" : 221.3499999999999,
    "pct3ResTime" : 277.0,
    "throughput" : 4.266211604095563,
    "receivedKBytesPerSec" : 8.837390678327644,
    "sentKBytesPerSec" : 1.3123600149317405
  },
  "Request for Throughput Testing" : {
    "transaction" : "Request for Throughput Testing",
    "sampleCount" : 4,
    "errorCount" : 4,
    "errorPct" : 100.0,
    "meanResTime" : 43.25,
    "medianResTime" : 43.5,
    "minResTime" : 26.0,
    "maxResTime" : 60.0,
    "pct1ResTime" : 60.0,
    "pct2ResTime" : 60.0,
    "pct3ResTime" : 60.0,
    "throughput" : 3.314001657000828,
    "receivedKBytesPerSec" : 6.873964374482187,
    "sentKBytesPerSec" : 0.779955468102734
  },
  "Total" : {
    "transaction" : "Total",
    "sampleCount" : 229,
    "errorCount" : 28,
    "errorPct" : 12.227075,
    "meanResTime" : 75.75545851528393,
    "medianResTime" : 57.0,
    "minResTime" : 12.0,
    "maxResTime" : 373.0,
    "pct1ResTime" : 142.0,
    "pct2ResTime" : 194.0,
    "pct3ResTime" : 362.7999999999996,
    "throughput" : 19.124770335727412,
    "receivedKBytesPerSec" : 37.78376912998998,
    "sentKBytesPerSec" : 4.960617796893269
  },
  "Request 5" : {
    "transaction" : "Request 5",
    "sampleCount" : 50,
    "errorCount" : 0,
    "errorPct" : 0.0,
    "meanResTime" : 69.28,
    "medianResTime" : 55.0,
    "minResTime" : 12.0,
    "maxResTime" : 200.0,
    "pct1ResTime" : 125.69999999999999,
    "pct2ResTime" : 172.0,
    "pct3ResTime" : 200.0,
    "throughput" : 4.253147329023477,
    "receivedKBytesPerSec" : 8.810328236645118,
    "sentKBytesPerSec" : 1.000984869428377
  },
  "Request Temp 2" : {
    "transaction" : "Request Temp 2",
    "sampleCount" : 15,
    "errorCount" : 14,
    "errorPct" : 93.333336,
    "meanResTime" : 113.86666666666666,
    "medianResTime" : 93.0,
    "minResTime" : 40.0,
    "maxResTime" : 339.0,
    "pct1ResTime" : 265.80000000000007,
    "pct2ResTime" : 339.0,
    "pct3ResTime" : 339.0,
    "throughput" : 7.936507936507936,
    "receivedKBytesPerSec" : 4.663215112433862,
    "sentKBytesPerSec" : 2.867683531746032
  },
  "Request 3" : {
    "transaction" : "Request 3",
    "sampleCount" : 50,
    "errorCount" : 0,
    "errorPct" : 0.0,
    "meanResTime" : 74.92,
    "medianResTime" : 51.0,
    "minResTime" : 16.0,
    "maxResTime" : 373.0,
    "pct1ResTime" : 147.79999999999995,
    "pct2ResTime" : 241.64999999999924,
    "pct3ResTime" : 373.0,
    "throughput" : 4.3383947939262475,
    "receivedKBytesPerSec" : 8.998779826464208,
    "sentKBytesPerSec" : 1.0210479934924077
  },
  "Request 4" : {
    "transaction" : "Request 4",
    "sampleCount" : 50,
    "errorCount" : 0,
    "errorPct" : 0.0,
    "meanResTime" : 65.22,
    "medianResTime" : 54.0,
    "minResTime" : 14.0,
    "maxResTime" : 195.0,
    "pct1ResTime" : 120.69999999999999,
    "pct2ResTime" : 157.19999999999993,
    "pct3ResTime" : 195.0,
    "throughput" : 4.315180806075775,
    "receivedKBytesPerSec" : 8.950628937602486,
    "sentKBytesPerSec" : 1.015584545179943
  },
  "Request 2" : {
    "transaction" : "Request 2",
    "sampleCount" : 10,
    "errorCount" : 10,
    "errorPct" : 100.0,
    "meanResTime" : 126.39999999999999,
    "medianResTime" : 82.5,
    "minResTime" : 33.0,
    "maxResTime" : 373.0,
    "pct1ResTime" : 360.70000000000005,
    "pct2ResTime" : 373.0,
    "pct3ResTime" : 373.0,
    "throughput" : 0.9332711152589828,
    "receivedKBytesPerSec" : 1.9358084461035932,
    "sentKBytesPerSec" : 0.21964681521231919
  }
}