{
  "Request1 - Simple" : {
    "transaction" : "Request1 - Simple",
    "sampleCount" : 50,
    "errorCount" : 0,
    "errorPct" : 0.0,
    "meanResTime" : 15.879999999999999,
    "medianResTime" : 12.0,
    "minResTime" : 8.0,
    "maxResTime" : 46.0,
    "pct1ResTime" : 30.799999999999997,
    "pct2ResTime" : 38.24999999999998,
    "pct3ResTime" : 46.0,
    "throughput" : 4.553734061930784,
    "receivedKBytesPerSec" : 105.92412340619308,
    "sentKBytesPerSec" : 1.4008068647540983
  },
  "Request for Throughput Testing" : {
    "transaction" : "Request for Throughput Testing",
    "sampleCount" : 6,
    "errorCount" : 6,
    "errorPct" : 100.0,
    "meanResTime" : 23.666666666666668,
    "medianResTime" : 21.5,
    "minResTime" : 13.0,
    "maxResTime" : 36.0,
    "pct1ResTime" : 36.0,
    "pct2ResTime" : 36.0,
    "pct3ResTime" : 36.0,
    "throughput" : 3.761755485893417,
    "receivedKBytesPerSec" : 87.51224529780565,
    "sentKBytesPerSec" : 0.8853350313479624
  },
  "Total" : {
    "transaction" : "Total",
    "sampleCount" : 231,
    "errorCount" : 30,
    "errorPct" : 12.987013,
    "meanResTime" : 18.7965367965368,
    "medianResTime" : 12.0,
    "minResTime" : 8.0,
    "maxResTime" : 1054.0,
    "pct1ResTime" : 24.80000000000001,
    "pct2ResTime" : 29.0,
    "pct3ResTime" : 63.00000000000017,
    "throughput" : 20.96569250317662,
    "receivedKBytesPerSec" : 456.8551354885188,
    "sentKBytesPerSec" : 5.433757544472681
  },
  "Request 5" : {
    "transaction" : "Request 5",
    "sampleCount" : 50,
    "errorCount" : 0,
    "errorPct" : 0.0,
    "meanResTime" : 13.299999999999999,
    "medianResTime" : 12.0,
    "minResTime" : 8.0,
    "maxResTime" : 26.0,
    "pct1ResTime" : 21.599999999999994,
    "pct2ResTime" : 23.89999999999999,
    "pct3ResTime" : 26.0,
    "throughput" : 4.639510067736847,
    "receivedKBytesPerSec" : 107.93203987658904,
    "sentKBytesPerSec" : 1.091915943676348
  },
  "Request Temp 2" : {
    "transaction" : "Request Temp 2",
    "sampleCount" : 15,
    "errorCount" : 14,
    "errorPct" : 93.333336,
    "meanResTime" : 91.93333333333334,
    "medianResTime" : 18.0,
    "minResTime" : 13.0,
    "maxResTime" : 1054.0,
    "pct1ResTime" : 464.20000000000033,
    "pct2ResTime" : 1054.0,
    "pct3ResTime" : 1054.0,
    "throughput" : 8.112493239588966,
    "receivedKBytesPerSec" : 4.766617935370471,
    "sentKBytesPerSec" : 2.9312719713358573
  },
  "Request 3" : {
    "transaction" : "Request 3",
    "sampleCount" : 50,
    "errorCount" : 0,
    "errorPct" : 0.0,
    "meanResTime" : 12.679999999999998,
    "medianResTime" : 12.0,
    "minResTime" : 8.0,
    "maxResTime" : 26.0,
    "pct1ResTime" : 17.9,
    "pct2ResTime" : 20.449999999999996,
    "pct3ResTime" : 26.0,
    "throughput" : 4.679895170348185,
    "receivedKBytesPerSec" : 108.87154565237739,
    "sentKBytesPerSec" : 1.101420640677649
  },
  "Request 4" : {
    "transaction" : "Request 4",
    "sampleCount" : 50,
    "errorCount" : 0,
    "errorPct" : 0.0,
    "meanResTime" : 11.719999999999999,
    "medianResTime" : 11.5,
    "minResTime" : 8.0,
    "maxResTime" : 25.0,
    "pct1ResTime" : 14.899999999999999,
    "pct2ResTime" : 20.699999999999974,
    "pct3ResTime" : 25.0,
    "throughput" : 4.682524817381532,
    "receivedKBytesPerSec" : 108.93272089810826,
    "sentKBytesPerSec" : 1.1020395322157706
  },
  "Request 2" : {
    "transaction" : "Request 2",
    "sampleCount" : 10,
    "errorCount" : 10,
    "errorPct" : 100.0,
    "meanResTime" : 14.200000000000001,
    "medianResTime" : 12.5,
    "minResTime" : 9.0,
    "maxResTime" : 31.0,
    "pct1ResTime" : 29.400000000000006,
    "pct2ResTime" : 31.0,
    "pct3ResTime" : 31.0,
    "throughput" : 0.94948727687049,
    "receivedKBytesPerSec" : 22.088560458602355,
    "sentKBytesPerSec" : 0.2234633141853399
  }
}