{
  "Request1 - Simple" : {
    "transaction" : "Request1 - Simple",
    "sampleCount" : 50,
    "errorCount" : 0,
    "errorPct" : 0.0,
    "meanResTime" : 32.120000000000005,
    "medianResTime" : 20.0,
    "minResTime" : 7.0,
    "maxResTime" : 256.0,
    "pct1ResTime" : 46.9,
    "pct2ResTime" : 130.39999999999978,
    "pct3ResTime" : 256.0,
    "throughput" : 4.553734061930784,
    "receivedKBytesPerSec" : 8.187827299635702,
    "sentKBytesPerSec" : 1.4008068647540983
  },
  "Request for Throughput Testing" : {
    "transaction" : "Request for Throughput Testing",
    "sampleCount" : 4,
    "errorCount" : 4,
    "errorPct" : 100.0,
    "meanResTime" : 20.0,
    "medianResTime" : 18.5,
    "minResTime" : 15.0,
    "maxResTime" : 28.0,
    "pct1ResTime" : 28.0,
    "pct2ResTime" : 28.0,
    "pct3ResTime" : 28.0,
    "throughput" : 3.2414910858995136,
    "receivedKBytesPerSec" : 5.837216369529984,
    "sentKBytesPerSec" : 0.7628899918962723
  },
  "Total" : {
    "transaction" : "Total",
    "sampleCount" : 229,
    "errorCount" : 28,
    "errorPct" : 12.227075,
    "meanResTime" : 25.921397379912648,
    "medianResTime" : 20.0,
    "minResTime" : 6.0,
    "maxResTime" : 321.0,
    "pct1ResTime" : 44.0,
    "pct2ResTime" : 62.5,
    "pct3ResTime" : 226.8999999999989,
    "throughput" : 20.77474371768121,
    "receivedKBytesPerSec" : 35.747432215594664,
    "sentKBytesPerSec" : 5.388590900843691
  },
  "Request 5" : {
    "transaction" : "Request 5",
    "sampleCount" : 50,
    "errorCount" : 0,
    "errorPct" : 0.0,
    "meanResTime" : 20.620000000000008,
    "medianResTime" : 18.0,
    "minResTime" : 6.0,
    "maxResTime" : 91.0,
    "pct1ResTime" : 30.799999999999997,
    "pct2ResTime" : 48.449999999999996,
    "pct3ResTime" : 91.0,
    "throughput" : 4.56495937186159,
    "receivedKBytesPerSec" : 8.22049324386013,
    "sentKBytesPerSec" : 1.074370320916644
  },
  "Request Temp 2" : {
    "transaction" : "Request Temp 2",
    "sampleCount" : 15,
    "errorCount" : 14,
    "errorPct" : 93.333336,
    "meanResTime" : 41.6,
    "medianResTime" : 32.0,
    "minResTime" : 18.0,
    "maxResTime" : 99.0,
    "pct1ResTime" : 88.2,
    "pct2ResTime" : 99.0,
    "pct3ResTime" : 99.0,
    "throughput" : 8.828722778104767,
    "receivedKBytesPerSec" : 5.18744941877575,
    "sentKBytesPerSec" : 3.1900658475573866
  },
  "Request 3" : {
    "transaction" : "Request 3",
    "sampleCount" : 50,
    "errorCount" : 0,
    "errorPct" : 0.0,
    "meanResTime" : 22.46,
    "medianResTime" : 20.0,
    "minResTime" : 7.0,
    "maxResTime" : 71.0,
    "pct1ResTime" : 43.599999999999994,
    "pct2ResTime" : 57.19999999999993,
    "pct3ResTime" : 71.0,
    "throughput" : 4.5821114369501466,
    "receivedKBytesPerSec" : 8.25138036107038,
    "sentKBytesPerSec" : 1.0784070862353372
  },
  "Request 4" : {
    "transaction" : "Request 4",
    "sampleCount" : 50,
    "errorCount" : 0,
    "errorPct" : 0.0,
    "meanResTime" : 23.52,
    "medianResTime" : 17.5,
    "minResTime" : 6.0,
    "maxResTime" : 321.0,
    "pct1ResTime" : 27.799999999999997,
    "pct2ResTime" : 37.34999999999999,
    "pct3ResTime" : 321.0,
    "throughput" : 4.587997797761057,
    "receivedKBytesPerSec" : 8.261980409249404,
    "sentKBytesPerSec" : 1.079792450449624
  },
  "Request 2" : {
    "transaction" : "Request 2",
    "sampleCount" : 10,
    "errorCount" : 10,
    "errorPct" : 100.0,
    "meanResTime" : 29.6,
    "medianResTime" : 25.5,
    "minResTime" : 9.0,
    "maxResTime" : 59.0,
    "pct1ResTime" : 58.6,
    "pct2ResTime" : 59.0,
    "pct3ResTime" : 59.0,
    "throughput" : 0.928332714444857,
    "receivedKBytesPerSec" : 1.6717241459339027,
    "sentKBytesPerSec" : 0.21848455486446342
  }
}