{
  "Request1 - Simple" : {
    "transaction" : "Request1 - Simple",
    "sampleCount" : 50,
    "errorCount" : 0,
    "errorPct" : 0.0,
    "meanResTime" : 107.02000000000001,
    "medianResTime" : 32.5,
    "minResTime" : 6.0,
    "maxResTime" : 868.0,
    "pct1ResTime" : 282.2,
    "pct2ResTime" : 331.74999999999994,
    "pct3ResTime" : 868.0,
    "throughput" : 3.7653437758867385,
    "receivedKBytesPerSec" : 6.245175653287145,
    "sentKBytesPerSec" : 1.1582844623089088
  },
  "Request for Throughput Testing" : {
    "transaction" : "Request for Throughput Testing",
    "sampleCount" : 4,
    "errorCount" : 4,
    "errorPct" : 100.0,
    "meanResTime" : 101.0,
    "medianResTime" : 33.0,
    "minResTime" : 25.0,
    "maxResTime" : 313.0,
    "pct1ResTime" : 313.0,
    "pct2ResTime" : 313.0,
    "pct3ResTime" : 313.0,
    "throughput" : 5.873715124816446,
    "receivedKBytesPerSec" : 9.774229074889867,
    "sentKBytesPerSec" : 1.3823880323054332
  },
  "Total" : {
    "transaction" : "Total",
    "sampleCount" : 229,
    "errorCount" : 27,
    "errorPct" : 11.790393,
    "meanResTime" : 88.37991266375549,
    "medianResTime" : 24.0,
    "minResTime" : 6.0,
    "maxResTime" : 868.0,
    "pct1ResTime" : 256.0,
    "pct2ResTime" : 313.0,
    "pct3ResTime" : 741.9999999999955,
    "throughput" : 16.850625459896982,
    "receivedKBytesPerSec" : 26.907494596210448,
    "sentKBytesPerSec" : 4.370745952906549
  },
  "Request 5" : {
    "transaction" : "Request 5",
    "sampleCount" : 50,
    "errorCount" : 0,
    "errorPct" : 0.0,
    "meanResTime" : 83.89999999999998,
    "medianResTime" : 20.5,
    "minResTime" : 8.0,
    "maxResTime" : 331.0,
    "pct1ResTime" : 274.4,
    "pct2ResTime" : 302.5499999999999,
    "pct3ResTime" : 331.0,
    "throughput" : 3.939489442168295,
    "receivedKBytesPerSec" : 6.555556649858178,
    "sentKBytesPerSec" : 0.9271649956665616
  },
  "Request Temp 2" : {
    "transaction" : "Request Temp 2",
    "sampleCount" : 15,
    "errorCount" : 13,
    "errorPct" : 86.666664,
    "meanResTime" : 252.06666666666666,
    "medianResTime" : 243.0,
    "minResTime" : 42.0,
    "maxResTime" : 862.0,
    "pct1ResTime" : 622.0000000000001,
    "pct2ResTime" : 862.0,
    "pct3ResTime" : 862.0,
    "throughput" : 6.6904549509366635,
    "receivedKBytesPerSec" : 4.387562026092774,
    "sentKBytesPerSec" : 2.4174495428189116
  },
  "Request 3" : {
    "transaction" : "Request 3",
    "sampleCount" : 50,
    "errorCount" : 0,
    "errorPct" : 0.0,
    "meanResTime" : 65.19999999999999,
    "medianResTime" : 19.5,
    "minResTime" : 6.0,
    "maxResTime" : 330.0,
    "pct1ResTime" : 238.6,
    "pct2ResTime" : 253.7,
    "pct3ResTime" : 330.0,
    "throughput" : 4.043671653861707,
    "receivedKBytesPerSec" : 6.728922361504246,
    "sentKBytesPerSec" : 0.9516844419733117
  },
  "Request 4" : {
    "transaction" : "Request 4",
    "sampleCount" : 50,
    "errorCount" : 0,
    "errorPct" : 0.0,
    "meanResTime" : 46.55999999999999,
    "medianResTime" : 17.5,
    "minResTime" : 8.0,
    "maxResTime" : 285.0,
    "pct1ResTime" : 203.39999999999995,
    "pct2ResTime" : 243.0999999999999,
    "pct3ResTime" : 285.0,
    "throughput" : 4.110827920743238,
    "receivedKBytesPerSec" : 6.840674586861794,
    "sentKBytesPerSec" : 0.9674897743155472
  },
  "Request 2" : {
    "transaction" : "Request 2",
    "sampleCount" : 10,
    "errorCount" : 10,
    "errorPct" : 100.0,
    "meanResTime" : 92.0,
    "medianResTime" : 39.5,
    "minResTime" : 11.0,
    "maxResTime" : 251.0,
    "pct1ResTime" : 249.20000000000002,
    "pct2ResTime" : 251.0,
    "pct3ResTime" : 251.0,
    "throughput" : 0.9870693909781857,
    "receivedKBytesPerSec" : 1.642545158424637,
    "sentKBytesPerSec" : 0.2323083234626394
  }
}