{
  "Request1 - Simple" : {
    "transaction" : "Request1 - Simple",
    "sampleCount" : 50,
    "errorCount" : 0,
    "errorPct" : 0.0,
    "meanResTime" : 11.419999999999998,
    "medianResTime" : 9.0,
    "minResTime" : 4.0,
    "maxResTime" : 35.0,
    "pct1ResTime" : 27.099999999999987,
    "pct2ResTime" : 30.449999999999996,
    "pct3ResTime" : 35.0,
    "throughput" : 4.504098729844158,
    "receivedKBytesPerSec" : 8.714375394108638,
    "sentKBytesPerSec" : 1.3855381834969822
  },
  "Request for Throughput Testing" : {
    "transaction" : "Request for Throughput Testing",
    "sampleCount" : 4,
    "errorCount" : 4,
    "errorPct" : 100.0,
    "meanResTime" : 7.0,
    "medianResTime" : 6.5,
    "minResTime" : 6.0,
    "maxResTime" : 9.0,
    "pct1ResTime" : 9.0,
    "pct2ResTime" : 9.0,
    "pct3ResTime" : 9.0,
    "throughput" : 3.4188034188034186,
    "receivedKBytesPerSec" : 6.623931623931624,
    "sentKBytesPerSec" : 0.8046207264957266
  },
  "Total" : {
    "transaction" : "Total",
    "sampleCount" : 229,
    "errorCount" : 28,
    "errorPct" : 12.227075,
    "meanResTime" : 10.528384279475983,
    "medianResTime" : 8.0,
    "minResTime" : 4.0,
    "maxResTime" : 63.0,
    "pct1ResTime" : 17.0,
    "pct2ResTime" : 20.5,
    "pct3ResTime" : 53.0,
    "throughput" : 20.549174443646805,
    "receivedKBytesPerSec" : 37.98472342179648,
    "sentKBytesPerSec" : 5.330082331299354
  },
  "Request 5" : {
    "transaction" : "Request 5",
    "sampleCount" : 50,
    "errorCount" : 0,
    "errorPct" : 0.0,
    "meanResTime" : 9.58,
    "medianResTime" : 8.0,
    "minResTime" : 5.0,
    "maxResTime" : 22.0,
    "pct1ResTime" : 16.0,
    "pct2ResTime" : 18.449999999999996,
    "pct3ResTime" : 22.0,
    "throughput" : 4.503287399801856,
    "receivedKBytesPerSec" : 8.725119337116094,
    "sentKBytesPerSec" : 1.0598557259299288
  },
  "Request Temp 2" : {
    "transaction" : "Request Temp 2",
    "sampleCount" : 15,
    "errorCount" : 14,
    "errorPct" : 93.333336,
    "meanResTime" : 13.733333333333333,
    "medianResTime" : 9.0,
    "minResTime" : 7.0,
    "maxResTime" : 63.0,
    "pct1ResTime" : 34.20000000000002,
    "pct2ResTime" : 63.0,
    "pct3ResTime" : 63.0,
    "throughput" : 9.16310323762981,
    "receivedKBytesPerSec" : 5.3839197083078805,
    "sentKBytesPerSec" : 3.310886912034209
  },
  "Request 3" : {
    "transaction" : "Request 3",
    "sampleCount" : 50,
    "errorCount" : 0,
    "errorPct" : 0.0,
    "meanResTime" : 9.4,
    "medianResTime" : 8.0,
    "minResTime" : 5.0,
    "maxResTime" : 28.0,
    "pct1ResTime" : 16.0,
    "pct2ResTime" : 17.349999999999987,
    "pct3ResTime" : 28.0,
    "throughput" : 4.506940688660538,
    "receivedKBytesPerSec" : 8.732197584279792,
    "sentKBytesPerSec" : 1.0607155331710836
  },
  "Request 4" : {
    "transaction" : "Request 4",
    "sampleCount" : 50,
    "errorCount" : 0,
    "errorPct" : 0.0,
    "meanResTime" : 10.46,
    "medianResTime" : 8.0,
    "minResTime" : 5.0,
    "maxResTime" : 53.0,
    "pct1ResTime" : 17.9,
    "pct2ResTime" : 22.04999999999996,
    "pct3ResTime" : 53.0,
    "throughput" : 4.504098729844158,
    "receivedKBytesPerSec" : 8.726691289073056,
    "sentKBytesPerSec" : 1.060046673723088
  },
  "Request 2" : {
    "transaction" : "Request 2",
    "sampleCount" : 10,
    "errorCount" : 10,
    "errorPct" : 100.0,
    "meanResTime" : 13.4,
    "medianResTime" : 7.0,
    "minResTime" : 6.0,
    "maxResTime" : 53.0,
    "pct1ResTime" : 49.60000000000001,
    "pct2ResTime" : 53.0,
    "pct3ResTime" : 53.0,
    "throughput" : 0.9225092250922509,
    "receivedKBytesPerSec" : 1.7873616236162362,
    "sentKBytesPerSec" : 0.21711398754612546
  }
}